<?xml version="1.0" encoding="UTF-8"?>
<project-private xmlns="http://www.netbeans.org/ns/project-private/1">
    <editor-bookmarks xmlns="http://www.netbeans.org/ns/editor-bookmarks/2" lastBookmarkId="0"/>
    <open-files xmlns="http://www.netbeans.org/ns/projectui-open-files/2">
        <group>
            <file>file:/C:/Users/huudu/Documents/GitHub/PRJ301/Workshop01/web/login.jsp</file>
            <file>file:/C:/Users/huudu/Documents/GitHub/PRJ301/Workshop01/src/java/utils/AuthUtils.java</file>
            <file>file:/C:/Users/huudu/Documents/GitHub/PRJ301/Workshop01/web/createProject.jsp</file>
            <file>file:/C:/Users/huudu/Documents/GitHub/PRJ301/Workshop01/src/java/dao/ProjectDAO.java</file>
            <file>file:/C:/Users/huudu/Documents/GitHub/PRJ301/Workshop01/src/java/dto/ProjectDTO.java</file>
            <file>file:/C:/Users/huudu/Documents/GitHub/PRJ301/Workshop01/src/java/dto/UserDTO.java</file>
            <file>file:/C:/Users/huudu/Documents/GitHub/PRJ301/Workshop01/src/java/dao/UserDAO.java</file>
            <file>file:/C:/Users/huudu/Documents/GitHub/PRJ301/Workshop01/src/java/dao/IDAO.java</file>
            <file>file:/C:/Users/huudu/Documents/GitHub/PRJ301/Workshop01/src/java/utils/DBUtils.java</file>
            <file>file:/C:/Users/huudu/Documents/GitHub/PRJ301/Workshop01/src/java/controller/MainController.java</file>
            <file>file:/C:/Users/huudu/Documents/GitHub/PRJ301/Workshop01/web/dashboard.jsp</file>
        </group>
    </open-files>
</project-private>
